{
    "duration_20250327_1730": {
        "total_count": 173,
        "probabilities": {
            "route_28": 0.1185,
            "route_29": 0.1377,
            "route_30": 0.092,
            "route_31": 0.1215,
            "route_32": 0.185,
            "route_33": 0.1586,
            "route_34": 0.0203,
            "route_35": 0.0858,
            "route_36": 0.0492,
            "route_37": 0.0315
        },
        "percent_diff": 15.403607642574798
    },
    "duration_20250327_1740": {
        "total_count": 200,
        "probabilities": {
            "route_28": 0.0985,
            "route_29": 0.089,
            "route_30": 0.1164,
            "route_31": 0.1615,
            "route_32": 0.2142,
            "route_33": 0.1522,
            "route_34": 0.0149,
            "route_35": 0.0801,
            "route_36": 0.0461,
            "route_37": 0.0271
        },
        "percent_diff": 16.70745641844878
    },
    "duration_20250327_1750": {
        "total_count": 196,
        "probabilities": {
            "route_28": 0.0985,
            "route_29": 0.089,
            "route_30": 0.1164,
            "route_31": 0.1615,
            "route_32": 0.2142,
            "route_33": 0.1522,
            "route_34": 0.0149,
            "route_35": 0.0801,
            "route_36": 0.0461,
            "route_37": 0.0271
        },
        "percent_diff": 16.824772844609758
    },
    "duration_20250327_1800": {
        "total_count": 179,
        "probabilities": {
            "route_28": 0.0985,
            "route_29": 0.089,
            "route_30": 0.1164,
            "route_31": 0.1615,
            "route_32": 0.2142,
            "route_33": 0.1522,
            "route_34": 0.0149,
            "route_35": 0.0801,
            "route_36": 0.0461,
            "route_37": 0.0271
        },
        "percent_diff": 19.28052086795164
    },
    "duration_20250327_1810": {
        "total_count": 180,
        "probabilities": {
            "route_28": 0.0985,
            "route_29": 0.089,
            "route_30": 0.1164,
            "route_31": 0.1615,
            "route_32": 0.2142,
            "route_33": 0.1522,
            "route_34": 0.0149,
            "route_35": 0.0801,
            "route_36": 0.0461,
            "route_37": 0.0271
        },
        "percent_diff": 20.22033105027949
    },
    "duration_20250327_1820": {
        "total_count": 228,
        "probabilities": {
            "route_28": 0.0985,
            "route_29": 0.089,
            "route_30": 0.1164,
            "route_31": 0.1615,
            "route_32": 0.2142,
            "route_33": 0.1522,
            "route_34": 0.0149,
            "route_35": 0.0801,
            "route_36": 0.0461,
            "route_37": 0.0271
        },
        "percent_diff": 18.81641232472262
    },
    "duration_20250327_1830": {
        "total_count": 272,
        "probabilities": {
            "route_28": 0.0985,
            "route_29": 0.089,
            "route_30": 0.1164,
            "route_31": 0.1615,
            "route_32": 0.2142,
            "route_33": 0.1522,
            "route_34": 0.0149,
            "route_35": 0.0801,
            "route_36": 0.0461,
            "route_37": 0.0271
        },
        "percent_diff": 19.78478604509387
    },
    "duration_20250327_1840": {
        "total_count": 185,
        "probabilities": {
            "route_28": 0.0985,
            "route_29": 0.089,
            "route_30": 0.1164,
            "route_31": 0.1615,
            "route_32": 0.2142,
            "route_33": 0.1522,
            "route_34": 0.0149,
            "route_35": 0.0801,
            "route_36": 0.0461,
            "route_37": 0.0271
        },
        "percent_diff": 19.548607428180688
    },
    "duration_20250327_1850": {
        "total_count": 209,
        "probabilities": {
            "route_28": 0.0985,
            "route_29": 0.089,
            "route_30": 0.1164,
            "route_31": 0.1615,
            "route_32": 0.2142,
            "route_33": 0.1522,
            "route_34": 0.0149,
            "route_35": 0.0801,
            "route_36": 0.0461,
            "route_37": 0.0271
        },
        "percent_diff": 15.990797506527954
    },
    "duration_20250327_1900": {
        "total_count": 209,
        "probabilities": {
            "route_28": 0.0985,
            "route_29": 0.089,
            "route_30": 0.1164,
            "route_31": 0.1615,
            "route_32": 0.2142,
            "route_33": 0.1522,
            "route_34": 0.0149,
            "route_35": 0.0801,
            "route_36": 0.0461,
            "route_37": 0.0271
        },
        "percent_diff": 15.85218283193961
    },
    "duration_20250327_1910": {
        "total_count": 186,
        "probabilities": {
            "route_140": 0.2053,
            "route_141": 0.1252,
            "route_142": 0.3261,
            "route_143": 0.1252,
            "route_146": 0.1997,
            "route_147": 0.0186
        },
        "percent_diff": 45.82418039835208
    },
    "duration_20250327_1920": {
        "total_count": 167,
        "probabilities": {
            "route_140": 0.2053,
            "route_141": 0.1252,
            "route_142": 0.3261,
            "route_143": 0.1252,
            "route_146": 0.1997,
            "route_147": 0.0186
        },
        "percent_diff": 42.141503997288396
    },
    "duration_20250327_1930": {
        "total_count": 132,
        "probabilities": {
            "route_140": 0.2053,
            "route_141": 0.1252,
            "route_142": 0.3261,
            "route_143": 0.1252,
            "route_146": 0.1997,
            "route_147": 0.0186
        },
        "percent_diff": 40.02299080075848
    },
    "duration_20250327_1940": {
        "total_count": 135,
        "probabilities": {
            "route_140": 0.2053,
            "route_141": 0.1252,
            "route_142": 0.3261,
            "route_143": 0.1252,
            "route_146": 0.1997,
            "route_147": 0.0186
        },
        "percent_diff": 43.13971690448977
    },
    "duration_20250327_1950": {
        "total_count": 103,
        "probabilities": {
            "route_140": 0.2053,
            "route_141": 0.1252,
            "route_142": 0.3261,
            "route_143": 0.1252,
            "route_146": 0.1997,
            "route_147": 0.0186
        },
        "percent_diff": 39.459778912415025
    },
    "duration_20250327_2000": {
        "total_count": 63,
        "probabilities": {
            "route_140": 0.2053,
            "route_141": 0.1252,
            "route_142": 0.3261,
            "route_143": 0.1252,
            "route_146": 0.1997,
            "route_147": 0.0186
        },
        "percent_diff": 39.933805646048384
    },
    "duration_20250327_2010": {
        "total_count": 64,
        "probabilities": {
            "route_140": 0.2053,
            "route_141": 0.1252,
            "route_142": 0.3261,
            "route_143": 0.1252,
            "route_146": 0.1997,
            "route_147": 0.0186
        },
        "percent_diff": 39.479683790006206
    },
    "duration_20250327_2020": {
        "total_count": 61,
        "probabilities": {
            "route_140": 0.2053,
            "route_141": 0.1252,
            "route_142": 0.3261,
            "route_143": 0.1252,
            "route_146": 0.1997,
            "route_147": 0.0186
        },
        "percent_diff": 39.472920157737256
    },
    "duration_20250327_2030": {
        "total_count": 54,
        "probabilities": {
            "route_140": 0.2053,
            "route_141": 0.1252,
            "route_142": 0.3261,
            "route_143": 0.1252,
            "route_146": 0.1997,
            "route_147": 0.0186
        },
        "percent_diff": 39.64478865237093
    },
    "duration_20250327_2040": {
        "total_count": 43,
        "probabilities": {
            "route_140": 0.2053,
            "route_141": 0.1252,
            "route_142": 0.3261,
            "route_143": 0.1252,