{
    "duration_20250327_1730": {
        "total_count": 173,
        "probabilities": {
            "route_28": 0.1185,
            "route_29": 0.1377,
            "route_30": 0.092,
            "route_31": 0.1215,
            "route_32": 0.185,
            "route_33": 0.1586,
            "route_34": 0.0203,
            "route_35": 0.0858,
            "route_36": 0.0492,
            "route_37": 0.0315
        },
        "percent_diff": 15.403607642574798
    },
    "duration_20250327_1740": {
        "total_count": 200,
        "probabilities": {
            "route_28": 0.0985,
            "route_29": 0.089,
            "route_30": 0.1164,
            "route_31": 0.1615,
            "route_32": 0.2142,
            "route_33": 0.1522,
            "route_34": 0.0149,
            "route_35": 0.0801,
            "route_36": 0.0461,
            "route_37": 0.0271
        },
        "percent_diff": 16.70745641844878
    },
    "duration_20250327_1750": {
        "total_count": 196,
        "probabilities": {
            "route_28": 0.0985,
            "route_29": 0.089,
            "route_30": 0.1164,
            "route_31": 0.1615,
            "route_32": 0.2142,
            "route_33": 0.1522,
            "route_34": 0.0149,
            "route_35": 0.0801,
            "route_36": 0.0461,
            "route_37": 0.0271
        },
        "percent_diff": 16.824772844609758
    },
    "duration_20250327_1800": {
        "total_count": 179,
        "probabilities": {
            "route_28": 0.0985,
            "route_29": 0.089,
            "route_30": 0.1164,
            "route_31": 0.1615,
            "route_32": 0.2142,
            "route_33": 0.1522,
            "route_34": 0.0149,
            "route_35": 0.0801,
            "route_36": 0.0461,
            "route_37": 0.0271
        },
        "percent_diff": 19.28052086795164
    },
    "duration_20250327_1810": {
        "total_count": 180,
        "probabilities": {
            "route_28": 0.0985,
            "route_29": 0.089,
            "route_30": 0.1164,
            "route_31": 0.1615,
            "route_32": 0.2142,
            "route_33": 0.1522,
            "route_34": 0.0149,
            "route_35": 0.0801,
            "route_36": 0.0461,
            "route_37": 0.0271
        },
        "percent_diff": 20.22033105027949
    },
    "duration_20250327_1820": {
        "total_count": 228,
        "probabilities": {
            "route_28": 0.0985,
            "route_29": 0.089,
            "route_30": 0.1164,
            "route_31": 0.1615,
            "route_32": 0.2142,
            "route_33": 0.1522,
            "route_34": 0.0149,
            "route_35": 0.0801,
            "route_36": 0.0461,
            "route_37": 0.0271
        },
        "percent_diff": 18.81641232472262
    },
    "duration_20250327_1830": {
        "total_count": 272,
        "probabilities": {
            "route_28": 0.0985,
            "route_29": 0.089,
            "route_30": 0.1164,
            "route_31": 0.1615,
            "route_32": 0.2142,
            "route_33": 0.1522,
            "route_34": 0.0149,
            "route_35": 0.0801,
            "route_36": 0.0461,
            "route_37": 0.0271
        },
        "percent_diff": 19.78478604509387
    },
    "duration_20250327_1840": {
        "total_count": 185,
        "probabilities": {
            "route_28": 0.0985,
            "route_29": 0.089,
            "route_30": 0.1164,
            "route_31": 0.1615,
            "route_32": 0.2142,
            "route_33": 0.1522,
            "route_34": 0.0149,
            "route_35": 0.0801,
            "route_36": 0.0461,
            "route_37": 0.0271
        },
        "percent_diff": 19.548607428180688
    },
    "duration_20250327_1850": {
        "total_count": 209,
        "probabilities": {
            "route_28": 0.0985,
            "route_29": 0.089,
            "route_30": 0.1164,
            "route_31": 0.1615,
            "route_32": 0.2142,
            "route_33": 0.1522,
            "route_34": 0.0149,
            "route_35": 0.0801,
            "route_36": 0.0461,
            "route_37": 0.0271
        },
        "percent_diff": 15.990797506527954
    },
    "duration_20250327_1900": {
        "total_count": 209,
        "probabilities": {
            "route_28": 0.0985,
            "route_29": 0.089,
            "route_30": 0.1164,
            "route_31": 0.1615,
            "route_32": 0.2142,
            "route_33": 0.1522,
            "route_34": 0.0149,
            "route_35": 0.0801,
            "route_36": 0.0461,
            "route_37": 0.0271
        },
        "percent_diff": 15.85218283193961
    },
    "duration_20250327_1910": {
        "total_count": 158,
        "probabilities": {
            "route_28": 0.0641,
            "route_29": 0.0971,
            "route_30": 0.0546,
            "route_31": 0.1162,
            "route_32": 0.1594,
            "route_33": 0.0641,
            "route_34": 0.0459,
            "route_35": 0.1594,
            "route_36": 0.1594,
            "route_37": 0.0798
        },
        "percent_diff": 19.445603856842926
    },
    "duration_20250327_1920": {
        "total_count": 189,
        "probabilities": {
            "route_28": 0.0641,
            "route_29": 0.0971,
            "route_30": 0.0546,
            "route_31": 0.1162,
            "route_32": 0.1594,
            "route_33": 0.0641,
            "route_34": 0.0459,
            "route_35": 0.1594,
            "route_36": 0.1594,
            "route_37": 0.0798
        },
        "percent_diff": 21.91964292681499
    },
    "duration_20250327_1930": {
        "total_count": 161,
        "probabilities": {
            "route_28": 0.0641,
            "route_29": 0.0971,
            "route_30": 0.0546,
            "route_31": 0.1162,
            "route_32": 0.1594,
            "route_33": 0.0641,
            "route_34": 0.0459,
            "route_35": 0.1594,
            "route_36": 0.1594,
            "route_37": 0.0798
        },
        "percent_diff": 20.474901002681538
    },
    "duration_20250327_1940": {
        "total_count": 136,
        "probabilities": {
            "route_28": 0.0641,
            "route_29": 0.0971,
            "route_30": 0.0546,
            "route_31": 0.1162,
            "route_32": 0.1594,
            "route_33": 0.0641,
            "route_34": 0.0459,
            "route_35": 0.1594,
            "route_36": 0.1594,
            "route_37": 0.0798
        },
        "percent_diff": 23.265904267139646
    },
    "duration_20250327_1950": {
        "total_count": 125,
        "probabilities": {
            "route_28": 0.0641,
            "route_29": 0.0971,
            "route_30": 0.0546,
            "route_31": 0.1162,
            "route_32": 0.1594,
            "route_33": 0.0641,
            "route_34": 0.0459,
            "route_35": 0.1594,
            "route_36": 0.1594,
            "route_37": 0.0798
        },
        "percent_diff": 24.312865947457844
    },
    "duration_20250327_2000": {
        "total_count": 123,
        "probabilities": {
            "route_28": 0.0641,
            "route_29": 0.0971,
            "route_30": 0.0546,
            "route_31": 0.1162,
            "route_32": 0.1594,
            "route_33": 0.0641,
            "route_34": 0.0459,
            "route_35": 0.1594,
            "route_36": 0.1594,
            "route_37": 0.0798
        },
        "percent_diff": 20.95071048123259
    },
    "duration_20250327_2010": {
        "total_count": 123,
        "probabilities": {
            "route_28": 0.0641,
            "route_29": 0.0971,
            "route_30": 0.0546,
            "route_31": 0.1162,
            "route_32": 0.1594,
            "route_33": 0.0641,
            "route_34": 0.0459,
            "route_35": 0.1594,
            "route_36": 0.1594,
            "route_37": 0.0798
        },
        "percent_diff": 20.70635764138217
    },
    "duration_20250327_2020": {
        "total_count": 107,