{
    "duration_20250327_1910": {
        "total_count": 186,
        "probabilities": {
            "route_140": 0.2053,
            "route_141": 0.1252,
            "route_142": 0.3261,
            "route_143": 0.1252,
            "route_146": 0.1997,
            "route_147": 0.0186
        },
        "percent_diff": 45.82418039835208
    },
    "duration_20250327_1920": {
        "total_count": 167,
        "probabilities": {
            "route_140": 0.2053,
            "route_141": 0.1252,
            "route_142": 0.3261,
            "route_143": 0.1252,
            "route_146": 0.1997,
            "route_147": 0.0186
        },
        "percent_diff": 42.141503997288396
    },
    "duration_20250327_1930": {
        "total_count": 132,
        "probabilities": {
            "route_140": 0.2053,
            "route_141": 0.1252,
            "route_142": 0.3261,
            "route_143": 0.1252,
            "route_146": 0.1997,
            "route_147": 0.0186
        },
        "percent_diff": 40.02299080075848
    },
    "duration_20250327_1940": {
        "total_count": 135,
        "probabilities": {
            "route_140": 0.2053,
            "route_141": 0.1252,
            "route_142": 0.3261,
            "route_143": 0.1252,
            "route_146": 0.1997,
            "route_147": 0.0186
        },
        "percent_diff": 43.13971690448977
    },
    "duration_20250327_1950": {
        "total_count": 103,
        "probabilities": {
            "route_140": 0.2053,
            "route_141": 0.1252,
            "route_142": 0.3261,
            "route_143": 0.1252,
            "route_146": 0.1997,
            "route_147": 0.0186
        },
        "percent_diff": 39.459778912415025
    },
    "duration_20250327_2000": {
        "total_count": 63,
        "probabilities": {
            "route_140": 0.2053,
            "route_141": 0.1252,
            "route_142": 0.3261,
            "route_143": 0.1252,
            "route_146": 0.1997,
            "route_147": 0.0186
        },
        "percent_diff": 39.933805646048384
    },
    "duration_20250327_2010": {
        "total_count": 64,
        "probabilities": {
            "route_140": 0.2053,
            "route_141": 0.1252,
            "route_142": 0.3261,
            "route_143": 0.1252,
            "route_146": 0.1997,
            "route_147": 0.0186
        },
        "percent_diff": 39.479683790006206
    },
    "duration_20250327_2020": {
        "total_count": 61,
        "probabilities": {
            "route_140": 0.2053,
            "route_141": 0.1252,
            "route_142": 0.3261,
            "route_143": 0.1252,
            "route_146": 0.1997,
            "route_147": 0.0186
        },
        "percent_diff": 39.472920157737256
    },
    "duration_20250327_2030": {
        "total_count": 54,
        "probabilities": {
            "route_140": 0.2053,
            "route_141": 0.1252,
            "route_142": 0.3261,
            "route_143": 0.1252,
            "route_146": 0.1997,
            "route_147": 0.0186
        },
        "percent_diff": 39.64478865237093
    },
    "duration_20250327_2040": {
        "total_count": 43,
        "probabilities": {
            "route_140": 0.2053,
            "route_141": 0.1252,
            "route_142": 0.3261,
            "route_143": 0.1252,
            "route_146": 0.1997,
            "route_147": 0.0186
        },
        "percent_diff": 39.970708045119686
    },
    "duration_20250327_2050": {
        "total_count": 27,
        "probabilities": {
            "route_140": 0.2053,
            "route_141": 0.1252,
            "route_142": 0.3261,
            "route_143": 0.1252,
            "route_146": 0.1997,
            "route_147": 0.0186
        },
        "percent_diff": 39.67170024575486
    },
    "duration_20250327_2100": {
        "total_count": 47,
        "probabilities": {
            "route_140": 0.2053,
            "route_141": 0.1252,
            "route_142": 0.3261,
            "route_143": 0.1252,
            "route_146": 0.1997,
            "route_147": 0.0186
        },
        "percent_diff": 40.47923847314452
    },
    "duration_20250327_2110": {
        "total_count": 37,
        "probabilities": {
            "route_140": 0.2053,
            "route_141": 0.1252,
            "route_142": 0.3261,
            "route_143": 0.1252,
            "route_146": 0.1997,
            "route_147": 0.0186
        },
        "percent_diff": 40.13357100069959
    },
    "duration_20250327_2120": {
        "total_count": 40,
        "probabilities": {
            "route_140": 0.2053,
            "route_141": 0.1252,
            "route_142": 0.3261,
            "route_143": 0.1252,
            "route_146": 0.1997,
            "route_147": 0.0186
        },
        "percent_diff": 40.31083460047125
    },
    "duration_20250327_2130": {
        "total_count": 55,
        "probabilities": {
            "route_140": 0.2053,
            "route_141": 0.1252,
            "route_142": 0.3261,
            "route_143": 0.1252,
            "route_146": 0.1997,
            "route_147": 0.0186
        },
        "percent_diff": 40.577886773399854
    },
    "duration_20250327_2140": {
        "total_count": 48,
        "probabilities": {
            "route_140": 0.2053,
            "route_141": 0.1252,
            "route_142": 0.3261,
            "route_143": 0.1252,
            "route_146": 0.1997,
            "route_147": 0.0186
        },
        "percent_diff": 40.289425608025745
    },
    "duration_20250327_2150": {
        "total_count": 48,
        "probabilities": {
            "route_140": 0.2053,
            "route_141": 0.1252,
            "route_142": 0.3261,
            "route_143": 0.1252,
            "route_146": 0.1997,
            "route_147": 0.0186
        },
        "percent_diff": 40.50214630081431
    },
    "duration_20250327_2200": {
        "total_count": 32,
        "probabilities": {
            "route_140": 0.2053,
            "route_141": 0.1252,
            "route_142": 0.3261,
            "route_143": 0.1252,
            "route_146": 0.1997,
            "route_147": 0.0186
        },
        "percent_diff": 40.3553927561577
    },
    "duration_20250327_2210": {
        "total_count": 15,
        "probabilities": {
            "route_140": 0.2053,
            "route_141": 0.1252,
            "route_142": 0.3261,
            "route_143": 0.1252,
            "route_146": 0.1997,
            "route_147": 0.0186
        },
        "percent_diff": 40.48984078664443
    },
    "duration_20250327_2220": {
        "total_count": 47,
        "probabilities": {
            "route_140": 0.2053,
            "route_141": 0.1252,
            "route_142": 0.3261,
            "route_143": 0.1252,
            "route_146": 0.1997,
            "route_147": 0.0186
        },
        "percent_diff": 37.08443189897045
    },
    "duration_20250327_2230": {
        "total_count": 12,
        "probabilities": {
            "route_140": 0.2053,
            "route_141": 0.1252,
            "route_142": 0.3261,
            "route_143": 0.1252,
            "route_146": 0.1997,
            "route_147": 0.0186
        },
        "percent_diff": 41.54663503906427
    },
    "duration_20250327_2240": {
        "total_count": 11,
        "probabilities": {
            "route_140": 0.2053,
            "route_141": 0.1252,
            "route_142": 0.3261,
            "route_143": 0.1252,
            "route_146": 0.1997,
            "route_147": 0.0186
        },
        "percent_diff": 41.41889574759946
    },
    "duration_20250327_2250": {
        "total_count": 10,
        "probabilities": {
            "route_140": 0.2053,
            "route_141": 0.1252,
            "route_142": 0.3261,
            "route_143": 0.1252,
            "route_146": 0.1997,
            "route_147": 0.0186
        },
        "percent_diff": 41.703138873854265
    },
    "duration_20250327_2300": {
        "total_count": 10,