{
    "duration_20250327_1730": {
        "total_count": 254,
        "probabilities": {
            "route_25": 0.0211,
            "route_26": 0.0308,
            "route_27": 0.0321,
            "route_40": 0.0886,
            "route_41": 0.0819,
            "route_50": 0.0148,
            "route_51": 0.0072,
            "route_52": 0.0237,
            "route_53": 0.1099,
            "route_54": 0.0474,
            "route_55": 0.0183,
            "route_56": 0.0098,
            "route_57": 0.0142,
            "route_58": 0.0061,
            "route_59": 0.0722,
            "route_60": 0.0135,
            "route_61": 0.0309,
            "route_62": 0.0228,
            "route_66": 0.0245,
            "route_67": 0.0189,
            "route_82": 0.0094,
            "route_83": 0.0217,
            "route_86": 0.006,
            "route_87": 0.0381,
            "route_88": 0.236
        },
        "percent_diff": 17.601769199726508
    },
    "duration_20250327_1740": {
        "total_count": 265,
        "probabilities": {
            "route_25": 0.0211,
            "route_26": 0.0308,
            "route_27": 0.0321,
            "route_40": 0.0886,
            "route_41": 0.0819,
            "route_50": 0.0148,
            "route_51": 0.0072,
            "route_52": 0.0237,
            "route_53": 0.1099,
            "route_54": 0.0474,
            "route_55": 0.0183,
            "route_56": 0.0098,
            "route_57": 0.0142,
            "route_58": 0.0061,
            "route_59": 0.0722,
            "route_60": 0.0135,
            "route_61": 0.0309,
            "route_62": 0.0228,
            "route_66": 0.0245,
            "route_67": 0.0189,
            "route_82": 0.0094,
            "route_83": 0.0217,
            "route_86": 0.006,
            "route_87": 0.0381,
            "route_88": 0.236
        },
        "percent_diff": 19.637566239716016
    },
    "duration_20250327_1750": {
        "total_count": 285,
        "probabilities": {
            "route_25": 0.0188,
            "route_26": 0.031,
            "route_27": 0.0248,
            "route_40": 0.0579,
            "route_41": 0.0605,
            "route_50": 0.0176,
            "route_51": 0.0049,
            "route_52": 0.0225,
            "route_53": 0.2104,
            "route_54": 0.0424,
            "route_55": 0.0184,
            "route_56": 0.0087,
            "route_57": 0.0154,
            "route_58": 0.006,
            "route_59": 0.0864,
            "route_60": 0.0166,
            "route_61": 0.028,
            "route_62": 0.0201,
            "route_66": 0.025,
            "route_67": 0.0211,
            "route_82": 0.0093,
            "route_83": 0.0189,
            "route_86": 0.0042,
            "route_87": 0.0229,
            "route_88": 0.2084
        },
        "percent_diff": 20.823189083469508
    }
}