{
    "duration_20250327_1730": {
        "total_count": 173,
        "probabilities": {
            "route_28": 0.1185,
            "route_29": 0.1377,
            "route_30": 0.092,
            "route_31": 0.1215,
            "route_32": 0.185,
            "route_33": 0.1586,
            "route_34": 0.0203,
            "route_35": 0.0858,
            "route_36": 0.0492,
            "route_37": 0.0315
        },
        "percent_diff": 15.403607642574798
    },
    "duration_20250327_1740": {
        "total_count": 200,
        "probabilities": {
            "route_28": 0.0985,
            "route_29": 0.089,
            "route_30": 0.1164,
            "route_31": 0.1615,
            "route_32": 0.2142,
            "route_33": 0.1522,
            "route_34": 0.0149,
            "route_35": 0.0801,
            "route_36": 0.0461,
            "route_37": 0.0271
        },
        "percent_diff": 16.70745641844878
    },
    "duration_20250327_1750": {
        "total_count": 196,
        "probabilities": {
            "route_28": 0.0985,
            "route_29": 0.089,
            "route_30": 0.1164,
            "route_31": 0.1615,
            "route_32": 0.2142,
            "route_33": 0.1522,
            "route_34": 0.0149,
            "route_35": 0.0801,
            "route_36": 0.0461,
            "route_37": 0.0271
        },
        "percent_diff": 16.824772844609758
    },
    "duration_20250327_1800": {
        "total_count": 179,
        "probabilities": {
            "route_28": 0.0985,
            "route_29": 0.089,
            "route_30": 0.1164,
            "route_31": 0.1615,
            "route_32": 0.2142,
            "route_33": 0.1522,
            "route_34": 0.0149,
            "route_35": 0.0801,
            "route_36": 0.0461,
            "route_37": 0.0271
        },
        "percent_diff": 19.28052086795164
    },
    "duration_20250327_1810": {
        "total_count": 180,
        "probabilities": {
            "route_28": 0.0985,
            "route_29": 0.089,
            "route_30": 0.1164,
            "route_31": 0.1615,
            "route_32": 0.2142,
            "route_33": 0.1522,
            "route_34": 0.0149,
            "route_35": 0.0801,
            "route_36": 0.0461,
            "route_37": 0.0271
        },
        "percent_diff": 20.22033105027949
    },
    "duration_20250327_1820": {
        "total_count": 228,
        "probabilities": {
            "route_28": 0.0985,
            "route_29": 0.089,
            "route_30": 0.1164,
            "route_31": 0.1615,
            "route_32": 0.2142,
            "route_33": 0.1522,
            "route_34": 0.0149,
            "route_35": 0.0801,
            "route_36": 0.0461,
            "route_37": 0.0271
        },
        "percent_diff": 18.81641232472262
    }
}